sp,CollectionCode,Subsample,SpecimenCode,CL,PoOC,PrAC,ClyL,CWB,Cweye,FR,TCD,GPD,SL,MW,PEW,MPD,ML,MPH,NOH,HTL,EL,OMD
batesii,BLF10531,,CASENT0050416,1.97,0.52,1.04,0.61,1.72,1.61,0.52,0.4,0.81,2.76,1.14,0.38,2.12,3.32,1.07,0.21,3.25,0.44,0.87
batesii,BLF10531,,CASENT0179425,2.11,0.53,1.12,0.68,1.76,1.73,0.53,0.42,0.86,2.85,1.29,0.44,2.06,3.37,1.14,0.22,3.26,0.44,0.92
batesii,BLF19386,,CASENT0133995,2.01,0.53,1.06,0.6,1.7,1.67,0.53,0.4,0.84,2.82,1.29,0.46,2.11,3.48,1.1,0.22,3.32,0.44,0.96
batesii,BLF19386,,CASENT0827980,2.17,0.58,1.16,0.65,1.88,1.84,0.6,0.44,0.85,2.88,1.41,0.57,2.37,3.68,1.18,0.22,3.49,0.46,0.92
batesii,BLF28391,,CASENT0275788,2.16,0.56,1.09,0.69,1.8,1.74,0.56,0.43,0.85,2.88,1.31,0.5,2.34,3.66,1.14,0.25,3.37,0.46,0.96
batesii,BLF28429,,CASENT0274247,2.21,0.62,1.17,0.7,1.92,1.81,0.59,0.42,0.9,2.94,1.39,0.48,2.31,3.84,1.18,0.22,3.5,0.48,1.02
batesii,BLF29918,,CASENT0300307,2.06,0.52,1.08,0.64,1.82,1.76,0.56,0.43,0.85,2.78,1.32,0.46,2.37,3.54,1.16,0.21,3.34,0.46,0.96
batesii,BLF30119,,CASENT0300810,2.28,0.68,1.25,0.73,1.92,1.86,0.6,0.44,0.92,2.97,1.42,0.56,2.34,3.73,1.25,0.23,3.52,0.45,0.94
batesii,BLF30125,,CASENT0300821,2.18,0.6,1.16,0.72,1.85,1.77,0.57,0.41,0.86,2.92,1.36,0.5,2.32,3.72,1.22,0.25,3.41,0.45,0.95
batesii,BLF30257,,CASENT0301940,2.06,0.58,1.12,0.68,1.72,1.7,0.54,0.41,0.86,2.84,1.28,0.44,2.11,3.48,1.07,0.19,3.42,0.44,0.94
batesii,BLF30429,,CASENT0300432,2.2,0.62,1.17,0.72,1.9,1.86,0.6,0.42,0.9,2.94,1.38,0.49,2.26,3.68,1.17,0.26,3.48,0.46,0.94
butteli,ANTC10079,,CASENT0192141,2.33,0.73,1.12,0.65,1.59,1.52,0.5,0.39,0.9,3.15,1.19,0.41,2.27,3.68,1.08,0.36,3.34,0.46,0.9
butteli,BLF09270,,CASENT0487322,2.13,0.7,1.04,0.6,1.42,1.41,0.47,0.33,0.78,2.98,1.09,0.38,2.16,3.5,1.04,0.36,3.21,0.44,0.82
butteli,BLF09280,,CASENT0487220,1.98,0.66,0.97,0.56,1.28,1.28,0.43,0.3,0.76,2.72,0.96,0.33,2.02,3.26,0.76,0.28,2.94,0.4,0.78
butteli,BLF09349,,CASENT0486979,2.3,0.8,1.07,0.67,1.54,1.5,0.48,0.39,0.88,3.13,1.22,0.42,2.17,3.62,1.01,0.32,3.33,0.44,0.93
butteli,BLF09353,,CASENT0486964,2.06,0.58,1.05,0.63,1.46,1.41,0.44,0.36,0.79,2.93,1.06,0.37,2.06,3.5,0.99,0.33,3.18,0.42,0.87
butteli,BLF09353,,CASENT0486965,2.05,0.7,0.9,0.58,1.35,1.4,0.48,0.34,0.76,2.92,1.02,0.36,2.17,3.39,0.97,0.32,3.14,0.4,0.78
butteli,BLF09366,,CASENT0487043,2.23,0.68,1.08,0.67,1.52,1.52,0.48,0.35,0.85,3.08,1.14,0.4,2.1,3.62,1.06,0.36,3.32,0.46,0.91
butteli,BLF09368,,CASENT0487058,2.11,0.65,1.01,0.64,1.42,1.38,0.47,0.34,0.8,3.04,1.1,0.42,2.28,3.5,1.01,0.29,3.3,0.44,0.86
butteli,BLF09368,,CASENT0487059,2.03,0.66,0.93,0.63,1.36,1.38,0.45,0.32,0.76,2.96,1.05,0.38,2.08,3.36,0.95,0.28,3.14,0.44,0.82
butteli,BLF09391,,CASENT0486951,2.03,0.57,0.93,0.61,1.34,1.36,0.44,0.32,0.72,2.81,1.01,0.36,2.05,3.29,0.93,0.32,3.19,0.4,0.82
butteli,BLF09405,,CASENT0487010,2.29,0.79,1.06,0.68,1.53,1.52,0.48,0.39,0.88,3.07,1.22,0.43,2.44,3.72,1.04,0.28,3.34,0.46,0.88
christi,BLF00510,,CASENT0191591,1.33,0.36,0.66,0.37,0.99,0.97,0.37,0.25,0.58,1.82,0.9,0.3,1.47,2.14,0.79,0.24,1.62,0.31,0.6
christi,BLF15056,,CASENT0119593,1.36,0.42,0.63,0.38,1.01,0.97,0.38,0.27,0.55,1.91,0.87,0.3,1.54,2.2,0.84,0.27,1.77,0.31,0.61
christi,BLF15482,,CASENT0122823,1.22,0.36,0.56,0.32,0.88,0.86,0.35,0.23,0.52,1.78,0.79,0.25,1.32,1.97,0.71,0.21,1.59,0.26,0.57
christi,BLF24461,,CASENT0162707,1.12,0.34,0.51,0.32,0.84,0.82,0.33,0.24,0.46,1.69,0.74,0.25,1.25,1.85,0.67,0.23,1.57,0.25,0.49
christi,BLF26969,,CASENT0231111,1.27,0.35,0.59,0.36,0.9,0.88,0.35,0.24,0.49,1.84,0.81,0.27,1.36,2.03,0.75,0.22,1.71,0.28,0.55
christi,BLF27815,,CASENT0271294,1.11,0.33,0.53,0.33,0.84,0.82,0.33,0.22,0.47,1.64,0.7,0.27,1.22,1.83,0.66,0.22,1.56,0.26,0.47
christi,BLF28323,,CASENT0275811,1.33,0.41,0.64,0.38,1.02,0.96,0.38,0.28,0.57,1.89,0.85,0.34,1.58,2.21,0.84,0.28,1.74,0.33,0.6
christi,MG-27-21,,CASENT0265387,1.26,0.38,0.56,0.32,0.95,0.93,0.35,0.21,0.5,1.72,0.83,0.3,1.35,1.96,0.76,0.22,1.71,0.3,0.54
concolor,BLF00941,,CASENT0191701,1.55,0.34,0.78,0.44,1.11,1.17,0.46,0.37,0.64,1.73,1.04,0.49,1.69,2.38,1.22,0.46,1.94,0.42,0.66
concolor,BLF02370,,CASENT0406983,1.62,0.36,0.76,0.46,1.26,1.3,0.52,0.43,0.71,1.9,1.13,0.58,1.84,2.6,1.26,0.49,2.16,0.45,0.71
concolor,BLF02398,,CASENT0406985,1.65,0.36,0.82,0.5,1.22,1.25,0.52,0.39,0.72,1.83,1.09,0.53,1.7,2.5,1.25,0.46,2.08,0.44,0.71
concolor,BLF02471,,CASENT0406989,1.58,0.36,0.74,0.46,1.19,1.23,0.48,0.38,0.66,1.8,1.03,0.51,1.89,2.42,1.28,0.48,2.02,0.44,0.66
concolor,BLF02471,,CASENT0406990,1.64,0.38,0.78,0.48,1.24,1.28,0.49,0.38,0.7,1.85,1.16,0.54,1.74,2.61,1.28,0.49,2.06,0.45,0.62
concolor,BLF02471,,CASENT0406993,1.71,0.38,0.87,0.51,1.26,1.3,0.53,0.42,0.73,1.91,1.2,0.56,1.71,2.65,1.29,0.51,2.17,0.46,0.72
concolor,BLF08011,,CASENT0049892,1.81,0.44,0.88,0.48,1.37,1.35,0.57,0.45,0.77,1.97,1.21,0.61,1.83,2.76,1.49,0.48,2.34,0.46,0.73
concolor,BLF40221,,CASENT0849757,1.55,0.38,0.75,0.44,1.17,1.2,0.47,0.37,0.69,1.67,1.04,0.51,1.75,2.42,1.22,0.4,1.94,0.42,0.64
concolor,MG-09B-60,,CASENT0114646,1.82,0.4,0.91,0.52,1.41,1.39,0.56,0.45,0.78,2,1.22,0.65,1.87,2.89,1.41,0.5,2.25,0.52,0.67
concolor,MG-22A-04,,CASENT0108883,1.88,0.49,0.95,0.52,1.43,1.4,0.56,0.46,0.7,2,1.23,0.65,1.87,2.87,1.42,0.52,2.24,0.51,0.68
concolor,MG-27-25,,CASENT0111420,1.52,0.36,0.76,0.44,1.11,1.19,0.48,0.38,0.66,1.7,1.04,0.48,1.65,2.41,1.17,0.41,1.98,0.41,0.65
concolor,BLF03691,,CASENT0451554,1.54,0.33,0.76,0.44,1.13,1.2,0.48,0.4,0.67,1.76,1.07,0.48,1.58,2.4,1.15,0.42,2.03,0.44,
heteroclitus,ANTC2770,,CASENT0094746,1.85,0.47,0.97,0.49,1.72,1.68,0.66,0.46,0.79,2.03,1.6,0.77,1.55,2.92,1.16,0.38,2.01,0.41,0.93
heteroclitus,BLF00487,,CASENT0188230,1.93,0.58,0.95,0.54,1.81,1.71,0.68,0.48,0.81,2.12,1.64,0.8,1.63,3.13,1.18,0.36,2.16,0.41,0.87
heteroclitus,BLF05156,,CASENT0456235,1.84,0.56,0.88,0.46,1.68,1.64,0.65,0.46,0.77,2.02,1.57,0.71,1.58,2.98,1.18,0.34,2,0.4,0.7
heteroclitus,BLF05176,,CASENT0455995,1.67,0.49,0.8,0.4,1.46,1.45,0.62,0.4,0.7,1.77,1.37,0.6,1.34,2.64,1,0.24,1.81,0.36,0.76
heteroclitus,BLF05181,,CASENT0455962,1.5,0.44,0.7,0.37,1.33,1.31,0.54,0.36,0.66,1.65,1.36,0.57,1.4,2.43,0.9,0.24,1.61,0.32,0.64
heteroclitus,BLF05235,,CASENT0003902,1.47,0.42,0.68,0.37,1.31,1.3,0.55,0.37,0.66,1.59,1.27,0.53,1.36,2.36,0.9,0.2,1.62,0.34,0.61
heteroclitus,BLF08170,,CASENT0497800,2,0.61,0.94,0.53,1.82,1.77,0.74,0.48,0.86,2.14,1.65,0.82,1.78,3.13,1.22,0.34,2.29,0.44,0.86
heteroclitus,BLF13639,,CASENT0067624,2,0.57,1,0.54,1.81,1.73,0.69,0.49,0.85,2.15,1.65,0.8,1.65,3.17,1.22,0.36,2.22,0.41,0.89
heteroclitus,BLF15578,,CASENT0121996,1.69,0.47,0.86,0.43,1.48,1.45,0.6,0.41,0.72,1.84,1.37,0.62,1.45,2.68,1.01,0.28,1.78,0.4,0.7
heteroclitus,BLF19180,,CASENT0134297,1.94,0.59,0.91,0.5,1.75,1.68,0.66,0.46,0.81,2.04,1.61,0.79,1.69,2.95,1.18,0.36,2.05,0.41,0.77
heteroclitus,BLF19183,,CASENT0134275,1.78,0.52,0.88,0.44,1.56,1.55,0.62,0.44,0.74,1.96,1.51,0.69,1.54,2.78,1.07,0.36,1.84,0.4,0.76
heteroclitus,BLF22263,,CASENT0149787,1.5,0.45,0.7,0.36,1.3,1.28,0.52,0.34,0.66,1.58,1.22,0.53,1.3,2.34,0.88,0.22,1.62,0.32,0.64
heteroclitus,BLF22351,,CASENT0152128,1.81,0.53,0.86,0.46,1.63,1.59,0.62,0.42,0.77,1.95,1.49,0.72,1.58,2.89,1.15,0.33,1.96,0.4,0.77
heteroclitus,BLF22401,,CASENT0153054,1.64,0.51,0.77,0.41,1.53,1.48,0.61,0.41,0.68,1.65,1.33,0.61,1.41,2.64,0.98,0.28,1.68,0.32,0.66
heteroclitus,BLF22428,,CASENT0153063,1.55,0.46,0.76,0.38,1.33,1.32,0.56,0.36,0.66,1.71,1.33,0.56,1.4,2.51,0.9,0.24,1.66,0.33,0.68
heteroclitus,BLF27974,,CASENT0274839,1.48,0.45,0.71,0.38,1.29,1.28,0.5,0.36,0.66,1.64,1.22,0.56,1.33,2.41,0.89,0.24,1.65,0.32,0.64
heteroclitus,BLF27982,,CASENT0275547,1.78,0.53,0.84,0.4,1.62,1.58,0.64,0.43,0.69,1.94,1.53,0.72,1.54,2.85,1.1,0.3,1.92,0.38,0.7
heteroclitus,BLF36333,,CASENT0724230,1.68,0.54,0.8,0.42,1.53,1.49,0.6,0.41,0.73,1.88,1.45,0.63,1.43,2.68,1,0.33,1.85,0.38,0.76
heteroclitus,BLF36454,,CASENT0393303,1.77,0.54,0.85,0.44,1.62,1.57,0.64,0.44,0.74,1.92,1.53,0.7,1.5,2.87,1.09,0.33,1.94,0.37,0.77
heteroclitus,BLF41536,,CASENT0838703,1.68,0.49,0.8,0.4,1.49,1.48,0.6,0.39,0.69,1.81,1.37,0.62,1.45,2.65,1.02,0.28,1.8,0.36,0.72
hildebrandti,BLF03709,,CASENT0826171,2.45,0.79,1.21,0.75,1.63,1.57,0.46,0.36,0.88,3.67,1.23,0.45,2.45,4.06,1.14,0.36,3.9,0.48,0.98
hildebrandti,BLF08541,,CASENT0497144,2.48,0.84,1.22,0.76,1.68,1.56,0.51,0.34,0.94,3.72,1.34,0.42,2.57,4.17,1.18,0.4,4.01,0.48,1.02
hildebrandti,BLF08541,,CASENT0830115,2.23,0.76,1.09,0.69,1.4,1.33,0.43,0.3,0.85,3.56,1.16,0.36,2.24,3.8,1.03,0.29,3.76,0.41,0.82
hildebrandti,BLF08934,,CASENT0487887,2.14,0.66,1.07,0.65,1.42,1.36,0.43,0.29,0.83,3.38,1.07,0.36,2.19,3.61,0.93,0.34,3.65,0.4,0.97
hildebrandti,BLF08934,,CASENT0487890,2.13,0.65,1.03,0.68,1.46,1.39,0.4,0.3,0.83,3.39,1.09,0.36,2.23,3.57,0.9,0.29,3.64,0.43,1.01
hildebrandti,BLF10551,,CASENT0050359,2.15,0.64,1.07,0.67,1.44,1.39,0.38,0.33,0.81,3.43,1.12,0.36,2.16,3.61,1.01,0.32,3.57,0.43,0.98
hildebrandti,BLF10681,,CASENT0051850,2,0.59,0.97,0.65,1.28,1.28,0.35,0.29,0.81,3.36,1.04,0.33,2.12,3.5,0.89,0.28,3.41,0.42,0.84
hildebrandti,BLF10698,,CASENT0051129,2.2,0.72,1.09,0.66,1.41,1.38,0.4,0.31,0.85,3.52,1.1,0.35,2.29,3.8,1.04,0.29,3.68,0.42,0.88
hildebrandti,BLF11810,,CASENT0830130,2.45,0.82,1.22,0.72,1.58,1.52,0.45,0.36,0.9,3.67,1.24,0.42,2.48,3.98,1.09,0.36,3.9,0.45,1.01
hildebrandti,BLF11979,,CASENT0058873,2.12,0.64,1,0.66,1.46,1.36,0.38,0.3,0.82,3.51,1.1,0.33,2.23,3.61,0.96,0.29,3.62,0.43,1.01
hildebrandti,BLF14273,,CASENT0825458,2.24,0.7,1.16,0.68,1.56,1.45,0.43,0.32,0.86,3.62,1.28,0.38,2.3,3.94,1.14,0.36,3.77,0.44,0.97
hildebrandti,BLF15075,,CASENT0809769,2.15,0.72,1.03,0.64,1.36,1.33,0.42,0.29,0.79,3.33,1.11,0.32,2.1,3.65,1.02,0.33,3.38,0.44,0.85
hildebrandti,BLF19217,,CASENT0134389,2,0.63,0.98,0.6,1.25,1.23,0.33,0.25,0.7,3.31,0.96,0.28,2.08,3.49,0.89,0.27,3.46,0.4,0.85
hildebrandti,BLF21847,,CASENT0147079,2.27,0.68,1.06,0.66,1.5,1.43,0.42,0.38,0.89,3.49,1.21,0.42,2.42,3.92,1.06,0.33,3.69,0.44,0.93
hildebrandti,BLF21982,,CASENT0153037,2.21,0.7,1.02,0.62,1.36,1.34,0.42,0.34,0.85,3.5,1.11,0.32,2.41,3.68,0.97,0.3,3.65,0.42,0.9
hildebrandti,BLF21982,,CASENT0830909,2.15,0.73,1.11,0.63,1.42,1.36,0.4,0.3,0.8,3.67,1.14,0.34,2.2,3.86,0.99,0.34,3.41,0.44,0.9
hildebrandti,BLF22019,,CASENT0830913,2.13,0.75,0.98,0.61,1.37,1.34,0.42,0.3,0.79,3.49,1.06,0.35,2.11,3.7,0.94,0.33,3.63,0.44,0.86
hildebrandti,BLF22082,,CASENT0830922,2.07,0.69,1.05,0.64,1.28,1.26,0.37,0.29,0.77,3.45,1.04,0.28,2.13,3.63,0.88,0.3,3.56,0.4,0.92
hildebrandti,BLF22082,,CASENT0149815,2.03,0.62,0.99,0.61,1.28,1.25,0.38,0.29,0.8,3.39,1.04,0.3,2.13,3.47,0.88,0.29,3.55,0.39,0.94
hildebrandti,BLF27938,,CASENT0274078,2,0.64,0.96,0.58,1.3,1.29,0.4,0.27,0.73,3.39,1.03,0.32,2.17,3.58,0.91,0.31,3.51,0.39,0.91
hildebrandti,BLF28398,,CASENT0809637,2.21,0.73,1.1,0.66,1.41,1.37,0.4,0.31,0.82,3.5,1.13,0.32,2.34,3.8,0.98,0.33,3.69,0.41,0.96
hildebrandti,BLF29796,,CASENT0809856,2.24,0.77,1.13,0.69,1.44,1.41,0.41,0.32,0.82,3.61,1.11,0.4,2.31,3.8,1,0.33,3.81,0.44,0.93
hildebrandti,BLF32215,,CASENT0825532,2.05,0.56,1.06,0.65,1.37,1.33,0.38,0.28,0.83,3.43,1.04,0.36,2.23,3.63,1,0.27,3.59,0.42,0.93
hildebrandti,BLF33464,,CASENT0377180,2.16,0.67,1.13,0.68,1.41,1.38,0.4,0.3,0.83,3.4,1.14,0.36,2.3,3.68,1.02,0.36,3.54,0.42,0.88
hildebrandti,BLF33531,,CASENT0378244,2.12,0.73,0.94,0.64,1.34,1.32,0.36,0.29,0.78,3.41,1.08,0.33,2.11,3.68,0.97,0.36,3.51,0.43,0.86
hildebrandti,BLF37048,,CASENT0724366,2.22,0.73,1.14,0.66,1.49,1.45,0.41,0.32,0.86,3.56,1.12,0.4,2.34,3.86,1.05,0.33,3.68,0.44,0.95
maculiventris,BLF02566,,CASENT0408905,1.27,0.39,0.58,0.35,1.06,1.03,0.41,0.28,0.56,1.49,0.84,0.33,1.43,1.91,0.8,0.2,1.3,0.31,0.55
maculiventris,BLF02609,,CASENT0410755,1.35,0.4,0.61,0.37,1.07,1.04,0.39,0.28,0.57,1.55,0.9,0.33,1.15,1.93,0.82,0.22,1.35,0.32,0.59
maculiventris,BLF02609,,CASENT0410759,1.3,0.37,0.63,0.37,1.11,1.04,0.41,0.28,0.57,1.5,0.88,0.29,1.39,1.94,0.73,0.19,1.24,0.31,0.57
maculiventris,BLF02644,,CASENT0409995,1.25,0.39,0.55,0.34,1.01,0.96,0.36,0.26,0.55,1.44,0.84,0.3,1.27,1.83,0.75,0.24,1.23,0.31,0.5
maculiventris,MG-01A-08,,CASENT0488405,1.22,0.38,0.54,0.31,0.96,0.94,0.37,0.27,0.53,1.42,0.78,0.28,1.35,1.75,0.72,0.22,1.28,0.29,0.51
maculiventris,MG-04B-05,,CASENT0082332,1.13,0.34,0.5,0.29,0.87,0.9,0.34,0.25,0.49,1.37,0.76,0.28,1.21,1.67,0.71,0.2,1.25,0.28,0.45
maculiventris,BLF28278,,CASENT0274653,1.18,0.38,0.52,0.33,0.94,0.92,0.36,0.27,0.5,1.41,0.75,0.3,1.32,1.76,0.77,0.22,1.31,0.3,0.48
MG026,BLF01972,3,CASENT0191942,1.05,0.3,0.47,0.29,0.85,0.91,0.35,0.23,0.43,1.22,0.77,0.31,1.04,1.48,0.61,0.2,1.11,0.25,0.44
MG026,BLF03730,,CASENT0418320,1,0.31,0.45,0.29,0.8,0.9,0.35,0.25,0.42,1.17,0.71,0.28,0.92,1.45,0.59,0.18,1.1,0.24,0.41
MG026,BLF07152,15,CASENT0490514,1.21,0.33,0.6,0.34,0.95,0.99,0.4,0.29,0.53,1.31,0.85,0.35,1.06,1.76,0.73,0.24,1.26,0.28,0.51
MG026,BLF07192,,CASENT0493901,1.11,0.32,0.5,0.31,0.84,0.94,0.38,0.28,0.47,1.16,0.76,0.31,0.98,1.5,0.63,0.19,1.19,0.27,0.46
MG026,BLF07192,,CASENT0493902,1.01,0.3,0.46,0.29,0.84,0.94,0.34,0.24,0.45,1.07,0.68,0.27,0.97,1.47,0.62,0.2,1.12,0.24,0.45
MG026,BLF09359,,CASENT0487003,1.16,0.31,0.54,0.33,0.92,0.98,0.38,0.28,0.49,1.26,0.77,0.36,1.21,1.67,0.65,0.25,1.2,0.27,0.49
MG026,BLF20552,,CASENT0140836,1.12,0.3,0.52,0.31,0.9,0.96,0.4,0.29,0.5,1.24,0.78,0.3,1.03,1.57,0.68,0.23,1.13,0.27,0.42
MG026,BLF35620,,CASENT0724323,1.09,0.32,0.51,0.31,0.87,0.91,0.37,0.26,0.5,1.22,0.7,0.28,0.99,1.53,0.58,0.21,1.14,0.26,0.43
MG026,BLF35620,,CASENT0840839,1.13,0.32,0.52,0.31,0.91,0.95,0.38,0.26,0.47,1.26,0.76,0.3,1.16,1.58,0.64,0.21,1.17,0.27,0.44
MG026,BLF36646,,CASENT0723396,1.06,0.31,0.5,0.29,0.84,0.89,0.35,0.25,0.46,1.19,0.7,0.33,1.05,1.52,0.65,0.24,1.11,0.24,0.46
MG026,BLF39759,,CASENT0788259,1.07,0.3,0.49,0.3,0.84,0.9,0.36,0.25,0.43,1.23,0.76,0.29,1,1.52,0.63,0.23,1.12,0.26,0.44
MG026,MG-27-20,,CASENT0265014,1.1,0.32,0.5,0.3,0.89,0.92,0.35,0.25,0.46,1.22,0.76,0.31,1.02,1.46,0.63,0.21,1.06,0.25,0.43
MG075,BLF12622,,CASENT0061730,2.55,0.72,1.24,0.82,1.95,1.83,0.5,0.42,1.02,3.74,1.58,0.36,2.43,4.1,1.08,0.31,4,0.55,1.15
MG075,BLF12696,,CASENT0824251,2.57,0.72,1.34,0.82,2.05,1.86,0.52,0.42,1.02,3.7,1.56,0.35,2.5,4.14,1.14,0.34,4.02,0.54,1.18
MG075,BLF12696,,CASENT0829329,2.62,0.73,1.4,0.83,2.16,1.92,0.54,0.41,1.05,3.78,1.62,0.41,2.42,4.18,1.26,0.32,4.02,0.58,1.23
MG076,BLF05023,,CASENT0451307,2.45,0.81,1.22,0.76,1.62,1.57,0.45,0.36,0.9,3.77,1.25,0.37,2.5,4.15,1.12,0.36,3.93,0.48,1.01
MG076,BLF14938,,CASENT0825486,2.4,0.82,1.21,0.71,1.64,1.56,0.46,0.35,0.9,3.78,1.25,0.38,2.32,4.1,1.06,0.32,3.82,0.48,1.04
MG076,BLF36335,,CASENT0831076,2.28,0.78,1.16,0.69,1.5,1.46,0.4,0.3,0.85,3.73,1.16,0.37,2.17,3.92,0.98,0.37,3.82,0.44,0.98
MG076,BLF08120,,CASENT0830107,2.25,0.72,1.12,0.69,1.53,1.41,0.4,0.31,0.88,3.77,1.16,0.33,2.37,3.81,1.02,0.33,3.86,0.42,0.97
MG076,ANTC2724,,CASENT0095788,2.25,0.68,1.13,0.7,1.54,1.46,0.43,0.33,0.87,3.66,1.21,0.37,2.28,3.82,1.02,0.31,3.98,0.42,1.04
MG076,BLF01070,1,CASENT0192091,2.13,0.58,1.11,0.66,1.4,1.4,0.43,0.33,0.79,3.59,1.08,0.32,2.28,3.7,0.88,0.25,3.82,0.42,0.99
MG076,BLF05023,,CASENT0451306,2.27,0.71,1.14,0.69,1.61,1.44,0.4,0.32,0.91,3.79,1.21,0.38,2.52,3.95,1,0.36,3.8,0.42,1.05
MG076,BLF08083,,CASENT0497050,2.15,0.58,1.11,0.65,1.46,1.42,0.4,0.31,0.87,3.69,1.14,0.37,2.46,3.86,0.96,0.32,3.93,0.42,1.03
MG076,BLF09078,,CASENT0487885,2.16,0.59,1.09,0.66,1.43,1.41,0.4,0.32,0.83,3.62,1.12,0.37,2.38,3.86,0.97,0.37,3.87,0.44,1.01
MG076,BLF14285,,CASENT0070632,2.17,0.6,1.08,0.68,1.51,1.44,0.4,0.33,0.87,3.57,1.14,0.39,2.31,3.82,0.94,0.35,3.83,0.43,1.03
MG079,BLF01070,,CASENT0767995,2.46,0.69,1.19,0.72,1.79,1.73,0.53,0.51,1.01,3.46,1.42,0.65,2.53,4.22,1.57,0.86,4.34,0.56,0.95
MG079,BLF08979,,CASENT0487832,2.47,0.69,1.28,0.68,1.78,1.69,0.57,0.49,1.02,3.47,1.46,0.67,2.23,4.24,1.62,0.86,4.29,0.56,1
MG079,BLF12687,,CASENT0067493,2.54,0.64,1.32,0.76,1.85,1.77,0.56,0.5,1.02,3.41,1.46,0.7,2.7,4.21,1.49,0.88,4.29,0.56,0.98
MG079,BLF13308,,CASENT0826918,2.32,0.69,1.13,0.69,1.57,1.53,0.53,0.46,0.94,3.14,1.27,0.58,2.26,3.83,1.38,0.86,4.06,0.48,0.86
MG079,BLF14257,,CASENT0825457,2.15,0.58,1.06,0.65,1.26,1.44,0.49,0.42,0.94,3.07,1.22,0.5,2.02,3.65,1.22,0.65,3.82,0.5,0.9
MG079,BLF22178,,CASENT0830935,2.28,0.64,1.09,0.62,1.54,1.58,0.51,0.47,0.94,3.19,1.31,0.57,2.13,3.84,1.38,0.76,4.1,0.52,0.81
MG079,BLF22191,,CASENT0830939,2.5,0.62,1.28,0.73,1.82,1.76,0.57,0.5,1.06,3.46,1.41,0.65,2.66,4.24,1.49,0.96,4.22,0.56,1.01
MG079,BLF22199,,CASENT0830940,2.28,0.69,1.15,0.67,1.55,1.56,0.53,0.45,0.94,3.14,1.26,0.59,2.3,3.78,1.34,0.77,3.9,0.5,0.97
MG079,BLF27700,,CASENT0829443,2.36,0.64,1.14,0.66,1.62,1.58,0.53,0.48,0.98,3.26,1.33,0.61,2.25,3.96,1.41,0.8,4.18,0.55,0.9
MG081,BLF01070,41,CASENT0188384,3.41,1.38,1.57,0.97,2.14,2.05,0.57,0.48,1.21,4.5,1.87,0.58,3.57,5.45,1.59,0.45,5.21,0.6,1.21
MG081,BLF01116,,CASENT0826150,3.33,1.45,1.52,0.97,2.06,2.01,0.66,0.49,1.13,4.36,1.8,0.57,3.4,5.38,1.61,0.46,5.27,0.58,1.17
MG081,BLF01116,2,CASENT0850547,3.26,1.45,1.45,0.94,2,1.93,0.6,0.48,1.14,4.48,1.77,0.54,3.42,5.47,1.58,0.38,5.1,0.56,1.17
MG081,BLF08345,,CASENT0496118,2.91,1.12,1.3,0.8,1.74,1.7,0.5,0.37,0.96,4.14,1.54,0.46,3.13,5,1.29,0.37,4.69,0.52,0.98
MG081,BLF08345,,CASENT0496122,3.09,1.23,1.37,0.81,1.85,1.8,0.54,0.38,1.07,4.33,1.66,0.54,3.28,5.2,1.42,0.46,4.95,0.54,1.14
MG081,BLF08996,,CASENT0487882,3.01,1.3,1.3,0.82,1.79,1.68,0.52,0.4,0.97,4.05,1.58,0.45,2.98,4.92,1.4,0.4,4.66,0.52,1.09
MG081,BLF09012,,CASENT0487781,3.08,1.23,1.28,0.77,1.87,1.8,0.53,0.43,1.03,4.21,1.58,0.48,3.16,5.02,1.42,0.44,4.94,0.52,1.09
MG081,BLF15555,,CASENT0121976,3.45,1.23,1.58,1.01,2.25,2.14,0.66,0.5,1.25,4.39,1.86,0.58,3.54,5.41,1.67,0.53,5.18,0.61,1.26
MG081,BLF15621,,CASENT0121977,3.25,1.21,1.49,0.9,2.12,2.06,0.61,0.46,1.18,4.33,1.8,0.53,3.32,5.37,1.68,0.43,5.02,0.6,1.09
MG081,BLF22052,,CASENT0149823,3.12,1.2,1.36,0.79,1.93,1.89,0.57,0.45,1.06,4.2,1.75,0.56,3.25,5.18,1.49,0.38,4.8,0.56,1.09
MG081,BLF22416,,CASENT0148903,3.25,1.29,1.5,0.93,1.98,1.89,0.59,0.45,1.13,4.42,1.73,0.5,3.26,5.27,1.49,0.42,5.23,0.58,1.16
MG081,BLF22670,,CASENT0152168,3.41,1.41,1.53,0.96,2.08,2.05,0.62,0.48,1.16,4.53,1.78,0.61,3.38,5.49,1.56,0.45,5.25,0.6,1.16
MG081,BLF28117,,CASENT0274012,2.84,1.18,1.29,0.76,1.67,1.63,0.49,0.36,1,4.13,1.46,0.39,2.99,4.83,1.27,0.26,4.49,0.48,0.98
MG081,BLF40972,,CASENT0808320,3.4,1.42,1.44,0.88,2.05,1.89,0.6,0.46,1.16,4.39,1.74,0.49,3.29,5.39,1.48,0.36,5.16,0.56,1.2
MG081,BLF41199,,CASENT0807273,3.36,1.32,1.34,0.91,2.09,1.98,0.61,0.49,1.17,4.36,1.81,0.55,3.25,5.4,1.47,0.43,5.04,0.56,1.2
batesii,BLF15460,,CASENT0122811,2.18,0.58,1.18,0.72,1.82,1.76,0.53,0.42,0.92,3.13,1.38,0.58,2.37,3.92,1.28,0.43,3.6,0.44,0.97
batesii,BLF15461,,CASENT0122819,2.2,0.66,1.18,0.66,1.79,1.73,0.54,0.41,0.93,3.02,1.33,0.49,2.26,3.73,1.19,0.36,3.53,0.4,0.92
batesii,BLF15461,,CASENT0179429,2.21,0.59,1.16,0.7,1.82,1.81,0.54,0.47,1,3.05,1.41,0.52,2.38,3.82,1.26,0.37,3.58,0.43,1.03
batesii,BLF15501,,CASENT0122846,1.98,0.51,1.12,0.61,1.61,1.6,0.48,0.36,0.78,2.96,1.22,0.48,2.16,3.66,0.98,0.25,3.56,0.4,0.98
MG085A,BLF01098,,CASENT0188365,1.12,0.32,0.52,0.32,0.94,0.99,0.38,0.3,0.48,1.14,0.83,0.33,1.14,1.64,0.66,0.21,1.01,0.27,0.47
MG085A,BLF01192,,CASENT0826157,0.98,0.28,0.45,0.26,0.81,0.86,0.33,0.23,0.43,1.08,0.71,0.27,0.93,1.42,0.53,0.16,0.99,0.24,0.37
MG085A,BLF01232,39,CASENT0188366,1.04,0.29,0.47,0.31,0.87,0.92,0.36,0.22,0.49,1.07,0.76,0.3,0.91,1.49,0.58,0.19,0.95,0.25,0.44
MG085A,BLF01972,24,CASENT0188367,0.96,0.27,0.43,0.27,0.83,0.84,0.33,0.21,0.42,1.03,0.69,0.3,0.96,1.37,0.55,0.15,0.94,0.24,0.36
MG085A,BLF19282,9,CASENT0139461,0.99,0.3,0.46,0.28,0.83,0.88,0.32,0.23,0.44,1.08,0.71,0.29,0.99,1.41,0.56,0.17,0.94,0.24,0.39
MG085A,BLF30306,,CASENT0300037,1.02,0.33,0.41,0.28,0.88,0.91,0.34,0.24,0.42,1.09,0.71,0.29,0.93,1.49,0.6,0.14,1,0.24,0.38
MG085A,HJR111,4,CASENT0188363,0.98,0.29,0.44,0.27,0.83,0.87,0.33,0.23,0.44,1.02,0.71,0.3,0.98,1.39,0.57,0.18,0.98,0.24,0.38
MG085A,HJR111,9,CASENT0191505,1,0.31,0.44,0.29,0.87,0.88,0.32,0.22,0.44,1.06,0.74,0.31,0.82,1.46,0.6,0.17,0.97,0.24,0.39
MG088,BLF01862,11,CASENT0191952,1.24,0.31,0.6,0.34,1.14,1.16,0.47,0.33,0.56,1.28,0.96,0.38,1.09,1.9,0.61,0.2,1.18,0.3,0.59
MG088,BLF01863,24,CASENT0188260,1.18,0.31,0.57,0.28,0.96,1.08,0.44,0.31,0.53,1.26,0.89,0.33,1.11,1.76,0.6,0.2,1.1,0.28,0.55
MG088,BLF01888,22,CASENT0191949,1.21,0.3,0.59,0.29,1.06,1.1,0.44,0.3,0.54,1.28,0.9,0.34,1.14,1.8,0.6,0.22,1.13,0.32,0.52
MG088,BLF01888,16,CASENT0191950,1.21,0.33,0.61,0.32,1.04,1.08,0.44,0.3,0.5,1.28,0.9,0.34,1.08,1.85,0.56,0.2,1.16,0.28,0.5
MG089,BLF08006,3,CASENT0488829,1.39,0.37,0.67,0.35,1.31,1.26,0.48,0.34,0.56,1.55,1.02,0.37,1.42,2.14,0.78,0.26,1.48,0.31,0.67
MG089,BLF08092,,CASENT0495172,1.39,0.41,0.66,0.38,1.39,1.3,0.48,0.36,0.59,1.56,1.06,0.4,1.42,2.2,0.77,0.26,1.46,0.31,0.65
MG089,BLF12703,,CASENT0067564,1.46,0.37,0.71,0.41,1.45,1.35,0.5,0.38,0.59,1.6,1.09,0.36,1.47,2.31,0.78,0.24,1.47,0.33,0.71
MG089,BLF24335,,CASENT0161473,1.41,0.43,0.66,0.36,1.36,1.25,0.49,0.35,0.6,1.57,1.03,0.34,1.38,2.2,0.73,0.21,1.48,0.31,0.65
MG089,BLF24687,,CASENT0163166,1.37,0.4,0.67,0.38,1.32,1.24,0.48,0.36,0.59,1.56,1.04,0.37,1.29,2.1,0.72,0.22,1.46,0.29,0.63
MG089,BLF24690,,CASENT0163159,1.33,0.37,0.62,0.35,1.25,1.21,0.45,0.34,0.57,1.51,1.01,0.33,1.15,2.03,0.7,0.22,1.35,0.31,0.61
MG089,BLF24780,,CASENT0163143,1.36,0.4,0.63,0.36,1.31,1.22,0.46,0.35,0.57,1.52,1.03,0.36,1.31,2.1,0.71,0.24,1.42,0.32,0.62
MG089,BLF24828,,CASENT0161841,1.2,0.36,0.55,0.29,1.1,1.07,0.41,0.3,0.48,1.39,0.88,0.28,1.05,1.86,0.62,0.23,1.28,0.26,0.47
MG089,BLF24877,,CASENT0162188,1.34,0.43,0.61,0.36,1.27,1.18,0.44,0.33,0.56,1.46,1,0.32,1.18,2.04,0.65,0.22,1.41,0.3,0.64
MG089,BLF24896,,CASENT0162156,1.31,0.37,0.64,0.36,1.25,1.19,0.43,0.33,0.57,1.49,0.96,0.34,1.32,2.09,0.69,0.25,1.33,0.28,0.63
MG089,BLF24906,,CASENT0162202,1.28,0.37,0.6,0.33,1.17,1.12,0.44,0.32,0.53,1.42,0.96,0.33,1.18,2,0.66,0.21,1.28,0.28,0.48
MG089,BLF24961,,CASENT0160470,1.3,0.41,0.59,0.32,1.19,1.14,0.44,0.31,0.54,1.47,0.95,0.32,1.28,2.05,0.66,0.2,1.38,0.29,0.54
MG090,BLF01021,,CASENT0188238,1.64,0.44,0.83,0.41,1.51,1.46,0.56,0.41,0.64,1.64,1.27,0.63,1.4,2.44,0.92,0.33,1.73,0.35,0.7
MG090,BLF14376,,CASENT0117417,1.61,0.44,0.84,0.42,1.52,1.45,0.57,0.42,0.67,1.67,1.23,0.57,1.41,2.44,0.91,0.32,1.66,0.32,0.74
MG090,BLF28028,,CASENT0274207,1.6,0.45,0.86,0.41,1.49,1.46,0.56,0.42,0.68,1.65,1.25,0.63,1.43,2.45,0.9,0.34,1.73,0.36,0.68
MG090,BLF28100,,CASENT0274167,1.65,0.48,0.8,0.42,1.55,1.48,0.59,0.45,0.72,1.69,1.27,0.6,1.45,2.5,0.91,0.33,1.74,0.36,0.69
MG090,BLF28032,,CASENT0274191,1.69,0.44,0.86,0.45,1.64,1.58,0.59,0.46,0.75,1.74,1.36,0.63,1.44,2.61,0.99,0.37,1.72,0.36,0.82
MG090,MG-68-22,,CASENT0802620,1.7,0.5,0.87,0.45,1.65,1.6,0.6,0.49,0.72,1.76,1.37,0.65,1.5,2.63,1.05,0.37,1.72,0.36,0.85
MG093,BLF22498,,CASENT0152390,1.61,0.5,0.69,0.5,1.37,1.36,0.52,0.4,0.7,1.85,1.09,0.44,1.71,2.69,0.82,0.27,1.89,0.4,0.62
MG093,HJR132,,CASENT0188379,1.65,0.56,0.73,0.5,1.39,1.36,0.53,0.38,0.71,1.88,1.1,0.5,1.81,2.7,0.9,0.26,1.94,0.39,0.69
MG094,BLF01429,,CASENT0188371,0.96,0.24,0.44,0.26,0.79,0.83,0.37,0.25,0.43,0.99,0.65,0.32,0.79,1.31,0.61,0.32,0.88,0.27,0.38
MG094,BLF03132,22,CASENT0408980,0.92,0.23,0.4,0.25,0.68,0.8,0.37,0.25,0.38,0.95,0.59,0.29,0.86,1.25,0.59,0.27,0.89,0.26,0.35
MG094,BLF03132,22,CASENT0408981,0.87,0.24,0.36,0.23,0.7,0.78,0.33,0.21,0.36,0.93,0.56,0.27,0.76,1.27,0.62,0.28,0.87,0.26,0.32
MG094,BLF09426,25,CASENT0040903,0.92,0.25,0.38,0.25,0.71,0.82,0.37,0.2,0.4,0.96,0.57,0.28,0.83,1.28,0.63,0.28,0.85,0.25,0.36
MG094,BLF10073,,CASENT0861302,0.99,0.27,0.45,0.28,0.8,0.88,0.41,0.26,0.43,1.02,0.65,0.35,0.91,1.34,0.64,0.28,0.88,0.26,0.39
MG094,BLF10200,,CASENT0076639,0.95,0.22,0.43,0.24,0.7,0.82,0.35,0.22,0.41,0.95,0.59,0.27,0.83,1.26,0.59,0.26,0.9,0.27,0.36
MG094,BLF10200,,CASENT0076642,0.91,0.23,0.4,0.24,0.67,0.82,0.33,0.23,0.39,0.96,0.57,0.29,0.84,1.27,0.58,0.27,0.86,0.26,0.36
MG094,BLF10242,,CASENT0076698,0.94,0.23,0.42,0.24,0.72,0.82,0.33,0.23,0.4,0.95,0.62,0.32,0.87,1.26,0.6,0.31,0.89,0.26,0.34
MG094,BLF10260,8,CASENT0043701,0.91,0.22,0.41,0.23,0.69,0.79,0.35,0.24,0.38,0.95,0.58,0.29,0.92,1.23,0.59,0.24,0.89,0.25,0.32
MG094,BLF10267,,CASENT0498933,0.91,0.21,0.41,0.3,0.69,0.82,0.37,0.23,0.39,0.92,0.6,0.28,0.77,1.2,0.59,0.23,0.85,0.26,0.36
MG094,BLF10283,,CASENT0487611,0.97,0.24,0.44,0.28,0.74,0.83,0.37,0.25,0.4,0.98,0.63,0.3,0.81,1.22,0.63,0.26,0.94,0.25,0.39
MG094,BLF10348,,CASENT0487580,0.83,0.2,0.38,0.3,0.68,0.77,0.34,0.26,0.34,0.95,0.56,0.3,0.85,1.19,0.59,0.27,0.91,0.25,0.37
MG094,BLF10348,,CASENT0487582,0.88,0.22,0.38,0.23,0.66,0.78,0.33,0.22,0.34,0.94,0.57,0.29,0.86,1.16,0.59,0.28,0.88,0.26,0.37
MG094,BLF11057,,CASENT0107391,0.94,0.24,0.39,0.25,0.76,0.85,0.4,0.24,0.38,0.93,0.61,0.28,0.84,1.32,0.63,0.28,0.88,0.26,0.36
MG094,BLF12905,,CASENT0065561,0.97,0.24,0.43,0.27,0.73,0.86,0.38,0.26,0.43,0.93,0.63,0.31,0.85,1.33,0.58,0.3,0.9,0.27,0.37
MG094,BLF17879,,CASENT0134527,0.95,0.24,0.38,0.24,0.78,0.85,0.36,0.24,0.38,0.94,0.6,0.29,0.74,1.28,0.63,0.28,0.84,0.25,0.37
MG094,BLF24970,,CASENT0181407,1.02,0.24,0.48,0.28,0.8,0.9,0.4,0.26,0.44,1.1,0.69,0.35,0.92,1.38,0.65,0.32,0.99,0.26,0.43
MG094,BLF26747,,CASENT0231022,1.01,0.23,0.48,0.29,0.81,0.86,0.39,0.25,0.44,1.06,0.68,0.31,0.9,1.37,0.66,0.28,0.97,0.27,0.4
MG094,BLF26814,,CASENT0231171,1,0.27,0.46,0.28,0.84,0.9,0.37,0.25,0.42,1.04,0.66,0.3,0.87,1.37,0.65,0.28,0.92,0.25,0.37
MG094,BLF27259,,CASENT0261289,1.03,0.25,0.46,0.29,0.83,0.9,0.39,0.25,0.44,1.03,0.68,0.35,0.98,1.4,0.67,0.29,1,0.27,0.42
MG094,BLF31960,,CASENT0370054,0.98,0.26,0.45,0.28,0.71,0.88,0.37,0.24,0.41,1.02,0.64,0.29,0.85,1.37,0.66,0.27,0.91,0.26,0.38
MG094a,BLF03209,,CASENT0410775,0.84,0.24,0.32,0.2,0.64,0.73,0.32,0.2,0.34,0.82,0.54,0.29,0.77,1.25,0.6,0.23,0.8,0.26,0.28
MG094a,BLF03209,,CASENT0410776,0.85,0.24,0.34,0.26,0.65,0.73,0.34,0.2,0.34,0.81,0.56,0.28,0.84,1.25,0.6,0.29,0.76,0.25,0.27
MG094a,BLF03249,,CASENT0410682,0.88,0.25,0.37,0.24,0.65,0.73,0.34,0.2,0.36,0.85,0.57,0.28,0.88,1.34,0.64,0.24,0.85,0.26,0.28
MG094b,BLF01017,,CASENT0188374,1.2,0.34,0.57,0.36,1.02,1.09,0.4,0.28,0.5,1.27,0.77,0.41,1.04,1.65,0.74,0.36,1.17,0.33,0.48
MG094b,BLF08161,,CASENT0861304,1.14,0.28,0.56,0.32,0.95,1,0.39,0.26,0.51,1.23,0.76,0.42,0.98,1.6,0.74,0.34,1.2,0.27,0.46
MG094b,BLF28324,,CASENT0861299,1.21,0.34,0.57,0.36,1.02,1.1,0.41,0.3,0.5,1.25,0.77,0.4,1.05,1.62,0.73,0.36,1.17,0.3,0.5
MG096,BLF19601,,CASENT0134984,0.98,0.26,0.4,0.26,0.68,0.76,0.33,0.22,0.4,0.93,0.6,0.3,0.89,1.44,0.65,0.22,0.95,0.28,0.38
MG096,BLF18968,,CASENT0134894,1.04,0.3,0.47,0.31,0.73,0.79,0.38,0.24,0.44,0.93,0.64,0.3,0.99,1.48,0.67,0.26,0.95,0.29,0.37
MG096,BLF19095,,CASENT0134990,0.97,0.26,0.41,0.24,0.65,0.73,0.34,0.22,0.39,0.9,0.58,0.29,0.91,1.48,0.64,0.22,0.93,0.28,0.37
MG096,BLF21307,,CASENT0146570,1.11,0.29,0.49,0.3,0.78,0.84,0.37,0.26,0.43,0.93,0.68,0.33,1.07,1.51,0.7,0.25,1.04,0.32,0.37
MG096,BLF21272,,CASENT0147447,1.06,0.27,0.45,0.3,0.77,0.83,0.35,0.28,0.44,0.9,0.61,0.34,0.98,1.53,0.68,0.23,0.98,0.33,0.39
MG096,BLF20997,,CASENT0145879,1.1,0.31,0.45,0.28,0.78,0.84,0.39,0.28,0.44,0.97,0.66,0.34,1.11,1.57,0.74,0.28,1.05,0.32,0.39
MG096,BLF21306,,CASENT0146066,1.11,0.3,0.47,0.31,0.8,0.85,0.38,0.28,0.45,0.96,0.66,0.35,1.08,1.51,0.71,0.28,0.97,0.32,0.39
MG096,BLF21127,,CASENT0145985,1.04,0.26,0.44,0.26,0.74,0.79,0.34,0.25,0.42,0.92,0.63,0.33,0.99,1.47,0.7,0.27,0.96,0.31,0.38
MG096,BLF21287,,CASENT0146526,1.11,0.29,0.49,0.29,0.8,0.85,0.4,0.28,0.47,0.92,0.7,0.34,0.99,1.47,0.72,0.28,1.01,0.32,0.39
MG096,BLF38283,,CASENT0778971,0.93,0.26,0.36,0.28,0.61,0.68,0.29,0.2,0.35,0.88,0.56,0.27,0.96,1.33,0.61,0.19,0.9,0.26,0.32
MG096,BLF38337,,CASENT0780606,0.96,0.27,0.38,0.26,0.67,0.71,0.31,0.22,0.38,0.95,0.57,0.28,0.96,1.44,0.61,0.31,0.919,0.29,0.32
MG096,BLF38337,,CASENT0780607,0.91,0.24,0.36,0.22,0.63,0.69,0.3,0.22,0.36,0.91,0.53,0.3,0.91,1.4,0.59,0.2,0.9,0.28,0.32
MG096,BLF38028,,CASENT0776811,0.99,0.28,0.4,0.26,0.71,0.73,0.32,0.24,0.39,0.9,0.62,0.32,0.96,1.42,0.64,0.23,0.91,0.29,0.34
MG098,BLF03426,,CASENT0409909,1.26,0.41,0.54,0.38,1.12,1.17,0.53,0.33,0.53,1.38,1.01,0.52,1.18,1.88,0.89,0.28,1.14,0.28,0.5
MG098,BLF03468,,CASENT0436573,1.27,0.44,0.59,0.34,1.05,1.12,0.5,0.28,0.5,1.39,0.97,0.45,1.23,1.77,0.84,0.3,1.16,0.26,0.5
MG098,BLF03468,,CASENT0436574,1.25,0.42,0.58,0.33,1.1,1.16,0.53,0.32,0.51,1.45,1.06,0.53,1.28,1.91,0.88,0.29,1.17,0.27,0.48
MG098,BLF03487,,CASENT0436599,1.22,0.39,0.56,0.36,1.03,1.11,0.48,0.28,0.5,1.4,1.01,0.46,1.2,1.86,0.82,0.29,1.14,0.26,0.5
MG098,BLF03487,,CASENT0436600,1.32,0.41,0.59,0.32,1.17,1.21,0.57,0.32,0.52,1.41,1.09,0.5,1.3,2.01,0.9,0.29,1.21,0.28,0.5
MG098,BLF03518,,CASENT0436601,1.22,0.38,0.53,0.32,1.01,1.06,0.48,0.28,0.48,1.34,0.96,0.44,1.1,1.77,0.84,0.3,1.1,0.26,0.5
MG098,BLF03518,,CASENT0436602,1.38,0.42,0.64,0.36,1.17,1.22,0.57,0.34,0.58,1.49,1.1,0.53,1.29,2.05,0.94,0.32,1.21,0.29,0.54
MG098,BLF10115,,CASENT0048885,1.27,0.42,0.57,0.32,1.06,1.12,0.52,0.3,0.5,1.37,0.97,0.47,1.22,1.84,0.85,0.3,1.17,0.28,0.46
MG098,BLF11347,,CASENT0107322,1.33,0.44,0.61,0.37,1.17,1.21,0.53,0.32,0.57,1.41,1.07,0.53,1.28,1.85,0.89,0.32,1.25,0.27,0.5
MG098,BLF22964,,CASENT0156689,1.22,0.37,0.56,0.3,1.02,1.09,0.49,0.28,0.5,1.25,0.97,0.47,1.08,1.73,0.76,0.28,1.05,0.26,0.5
MG098,JJR140,,CASENT0451426,1.32,0.42,0.6,0.36,1.14,1.18,0.52,0.29,0.54,1.42,0.99,0.48,1.32,1.89,0.85,0.3,1.25,0.25,0.51
MG098,JJR140,,CASENT0465407,1.32,0.42,0.61,0.34,1.13,1.17,0.53,0.32,0.54,1.44,1.04,0.5,1.28,1.94,0.89,0.28,1.23,0.28,0.46
MG098,BLF09444,,CASENT0499206,1.34,0.42,0.61,0.38,1.17,1.24,0.52,0.32,0.54,1.42,1.08,0.56,1.37,1.9,0.88,0.33,1.21,0.28,0.53
MG098,BLF09872,,CASENT0043847,1.37,0.44,0.62,0.35,1.17,1.22,0.53,0.32,0.54,1.45,1.06,0.56,1.34,1.94,0.86,0.36,1.26,0.26,0.58
MG098,BLF09972,,CASENT0494328,1.21,0.37,0.56,0.35,1.04,1.1,0.48,0.29,0.5,1.33,0.95,0.47,1.19,1.77,0.8,0.29,1.13,0.29,0.52
MG098,BLF10054,,CASENT0498463,1.38,0.43,0.64,0.37,1.12,1.2,0.5,0.34,0.54,1.41,1.05,0.52,1.3,1.93,0.87,0.34,1.23,0.28,0.49
MG098,BLF09425,25,CASENT0040901,1.32,0.42,0.62,0.33,1.1,1.14,0.51,0.3,0.46,1.38,1.01,0.5,1.16,1.82,0.8,0.25,1.12,0.24,0.44
MG098,BLF09655,,CASENT0496998,1.17,0.4,0.5,0.29,1,1.07,0.44,0.28,0.46,1.32,0.92,0.45,1.13,1.72,0.73,0.24,1.04,0.24,0.4
MG098,BLF09972,,CASENT0494331,1.19,0.4,0.53,0.33,1,1.06,0.44,0.26,0.46,1.33,0.94,0.45,1.12,1.72,0.71,0.25,1.1,0.24,0.38
MG109,BLF01888,,CASENT0191531,0.93,0.27,0.37,0.27,0.72,0.8,0.25,0.19,0.42,1.19,0.61,0.25,0.86,1.3,0.51,0.13,0.9,0.28,0.33
MG109,BLF01996,63,CASENT0191537,1.05,0.31,0.45,0.28,0.81,0.84,0.29,0.21,0.5,1.35,0.69,0.27,0.89,1.48,0.6,0.17,1.03,0.28,0.4
MG109,BLF02772,,CASENT0409911,1.08,0.27,0.5,0.31,0.82,0.89,0.28,0.22,0.53,1.37,0.71,0.25,1.04,1.56,0.64,0.19,1.09,0.28,0.41
MG109,BLF03251,,CASENT0477036,1.05,0.29,0.47,0.3,0.85,0.87,0.28,0.24,0.53,1.33,0.69,0.25,1.09,1.54,0.59,0.18,1.04,0.27,0.4
MG109,BLF03426,24,CASENT0408904,1.08,0.27,0.48,0.29,0.82,0.89,0.28,0.21,0.5,1.31,0.66,0.25,1.04,1.56,0.61,0.18,1.1,0.28,0.4
MG109,BLF11276,10,CASENT0107838,1.09,0.3,0.49,0.29,0.83,0.87,0.28,0.21,0.51,1.29,0.66,0.25,1.04,1.57,0.61,0.17,1.07,0.28,0.41
MG109,BLF27365,,CASENT0261349,1,0.26,0.48,0.28,0.78,0.85,0.26,0.21,0.52,1.29,0.68,0.24,1.02,1.51,0.61,0.18,1.04,0.27,0.41
MG109,BLF31833,,CASENT0370578,1.01,0.28,0.46,0.29,0.83,0.87,0.29,0.21,0.5,1.28,0.66,0.24,1.04,1.53,0.6,0.18,1.04,0.26,0.38
MG109,BLF31850,,CASENT0370592,1.04,0.28,0.47,0.28,0.82,0.86,0.29,0.22,0.48,1.31,0.69,0.24,1.02,1.51,0.59,0.18,1.05,0.28,0.38
MG111a,BLF07511,12,CASENT0441197,1.4,0.46,0.67,0.4,1.02,1.04,0.33,0.22,0.61,1.77,0.85,0.33,1.33,2.2,0.77,0.17,1.56,0.33,0.46
MG111a,BLF25390,,CASENT0209035,1.44,0.48,0.64,0.4,1.02,1.04,0.34,0.26,0.62,1.84,0.9,0.35,1.44,2.3,0.84,0.2,1.65,0.32,0.5
MG111a,BLF03251,,CASENT0477008,1.42,0.42,0.66,0.43,0.97,1.02,0.33,0.26,0.64,1.8,0.82,0.35,1.47,2.09,0.77,0.18,1.63,0.34,0.54
MG111a,BLF02035,,CASENT0191530,1.4,0.43,0.62,0.41,0.95,0.99,0.32,0.25,0.61,1.85,0.83,0.31,1.46,2.1,0.75,0.21,1.66,0.34,0.46
MG111a,BLF07023,,CASENT0049829,1.41,0.45,0.65,0.4,0.96,1,0.3,0.22,0.63,1.75,0.8,0.31,1.48,2.01,0.75,0.16,1.63,0.3,0.53
MG111a,BLF07302,23,CASENT0441122,1.45,0.48,0.66,0.39,0.98,1.03,0.32,0.25,0.64,1.87,0.83,0.34,1.48,2.04,0.85,0.16,1.67,0.32,0.56
MG111a,BLF25828,,CASENT0208663,1.4,0.43,0.61,0.38,0.94,0.98,0.36,0.22,0.59,1.84,0.81,0.28,1.31,2.05,0.74,0.17,1.59,0.33,0.53
MG111a,PSW11943,8,CASENT0195363,1.45,0.48,0.66,0.4,0.98,1.01,0.34,0.24,0.65,1.86,0.89,0.33,1.48,2.12,0.87,0.17,1.68,0.33,0.55
MG112,BLF01887,,CASENT0191527,1.57,0.51,0.71,0.48,1.1,1.08,0.34,0.24,0.66,2.08,0.98,0.34,1.74,2.48,0.94,0.22,1.86,0.36,0.58
MG112,BLF01962,,CASENT0191529,1.42,0.47,0.57,0.41,1,0.98,0.3,0.23,0.62,2.08,0.9,0.32,1.41,2.26,0.87,0.2,1.74,0.34,0.5
MG115,BLF04712,,CASENT0418182,1.49,0.47,0.71,0.46,1.12,1.08,0.37,0.3,0.58,1.67,0.86,0.29,1.27,2.16,0.69,0.24,1.63,0.33,0.57
MG115,BLF04712,,CASENT0418215,1.4,0.43,0.66,0.42,1.03,1.01,0.36,0.26,0.58,1.64,0.81,0.28,1.24,2.04,0.66,0.21,1.58,0.33,0.56
MG115,TB10-GC02-B,,CASENT0850800,1.42,0.42,0.64,0.42,1.02,1,0.36,0.27,0.59,1.69,0.77,0.28,1.25,2.05,0.64,0.26,1.56,0.32,0.52
MG115,TB19-GC02-A,,CASENT0850947,1.37,0.41,0.62,0.42,0.98,0.94,0.37,0.24,0.58,1.62,0.72,0.28,1.17,1.98,0.6,0.24,1.57,0.32,0.5
MG115,TB19-GC07-B,,CASENT0851465,1.31,0.38,0.62,0.41,0.92,0.91,0.37,0.24,0.54,1.53,0.7,0.25,1.17,1.94,0.57,0.22,1.5,0.3,0.5
MG116,BLF07020,18,CASENT0027568,1.07,0.32,0.47,0.28,0.88,0.9,0.33,0.23,0.47,1.34,0.82,0.32,1.19,1.63,0.78,0.22,1.14,0.27,0.41
MG116,BLF07020,41,CASENT0027579,1.16,0.37,0.51,0.33,0.94,0.95,0.35,0.25,0.48,1.4,0.83,0.34,1.15,1.73,0.76,0.22,1.11,0.29,0.45
MG116,BLF07020,45,CASENT0027580,1.1,0.32,0.51,0.3,0.91,0.92,0.37,0.24,0.47,1.33,0.82,0.32,1.23,1.66,0.75,0.2,1.12,0.27,0.42
MG116,BLF07020,LO,CASENT0027592,1.17,0.37,0.5,0.31,0.95,0.96,0.35,0.24,0.47,1.38,0.85,0.34,1.26,1.71,0.78,0.23,1.17,0.29,0.43
MG116,BLF07022,16,CASENT0485356,1.02,0.33,0.43,0.27,0.82,0.84,0.34,0.22,0.45,1.27,0.74,0.32,1.11,1.56,0.7,0.2,1.08,0.25,0.41
MG116,BLF07086,23,CASENT0027574,1.09,0.36,0.45,0.25,0.91,0.91,0.36,0.21,0.46,1.32,0.8,0.32,1.21,1.64,0.81,0.2,1.16,0.28,0.37
MG116,BLF07086,12,CASENT0028770,1.07,0.35,0.43,0.3,0.88,0.9,0.33,0.22,0.44,1.29,0.8,0.31,1.18,1.63,0.74,0.2,1.09,0.28,0.41
MG117,BLF18108,,CASENT0134455,1.33,0.41,0.56,0.34,1.08,1.06,0.4,0.31,0.54,1.53,0.94,0.4,1.38,2.01,0.95,0.24,1.33,0.28,0.5
MG117,BLF18118,,CASENT0134479,1.18,0.41,0.52,0.29,0.93,0.93,0.34,0.22,0.48,1.41,0.82,0.32,1.27,1.81,0.8,0.19,1.22,0.24,0.41
MG117,BLF18308,,CASENT0134216,1.24,0.37,0.58,0.32,1.01,1,0.38,0.27,0.52,1.44,0.87,0.36,1.31,1.86,0.81,0.2,1.24,0.27,0.46
MG117,BLF18334,,CASENT0134147,1.25,0.41,0.55,0.34,0.99,1.02,0.38,0.25,0.53,1.46,0.89,0.38,1.36,1.86,0.84,0.24,1.28,0.28,0.48
MG117,BLF18514,,CASENT0136265,1.28,0.44,0.56,0.32,1.01,1.05,0.4,0.28,0.54,1.49,0.9,0.36,1.38,1.89,0.89,0.28,1.31,0.28,0.45
MG117,BLF26067,,CASENT0213911,1.21,0.4,0.53,0.34,0.96,0.98,0.35,0.25,0.5,1.4,0.88,0.33,1.19,1.83,0.77,0.22,1.19,0.26,0.48
MG117,BLF30757,,CASENT0301113,1.21,0.39,0.53,0.34,0.97,0.98,0.35,0.24,0.51,1.4,0.87,0.33,1.15,1.83,0.76,0.22,1.24,0.26,0.48
MG117,BLF30813,,CASENT0304434,1.23,0.41,0.52,0.3,1,1.01,0.37,0.22,0.53,1.45,0.9,0.34,1.25,1.85,0.86,0.19,1.25,0.25,0.46
MG117,BLF31069,,CASENT0301077,1.09,0.37,0.48,0.28,0.84,0.87,0.32,0.2,0.42,1.29,0.74,0.29,1.06,1.68,0.77,0.16,1.1,0.23,0.41
MG117,BLF31888,2,CASENT0369171,1.09,0.36,0.48,0.28,0.85,0.9,0.32,0.22,0.46,1.31,0.78,0.29,1.12,1.62,0.82,0.17,1.09,0.22,0.39
MG117,MA-01-01D-08,,CASENT0082166,1.21,0.38,0.52,0.33,0.97,0.99,0.36,0.24,0.5,1.39,0.88,0.32,1.18,1.81,0.76,0.22,1.24,0.27,0.47
MG117,MA-06-07,,CASENT0083503,1.25,0.41,0.5,0.32,1.02,1.01,0.38,0.26,0.5,1.47,0.88,0.34,1.28,1.92,0.9,0.18,1.3,0.29,0.45
MG124,BLF22615,,CASENT0151931,1.98,0.62,0.96,0.6,1.54,1.57,0.48,0.37,0.81,2.64,1.26,0.43,2.32,3.25,1.68,0.17,2.96,0.4,0.85
MG124,BLF22635,,CASENT0151959,1.98,0.6,0.97,0.6,1.58,1.61,0.46,0.38,0.85,2.63,1.32,0.44,2.2,3.33,1.4,0.2,3.01,0.4,0.81
MG124,BLF22675,,CASENT0152172,1.87,0.63,0.91,0.58,1.43,1.49,0.44,0.36,0.78,2.61,1.2,0.4,2.29,3.25,1.3,0.19,2.95,0.4,0.75
MG124,BLF22695,,CASENT0152522,1.83,0.59,0.88,0.53,1.43,1.49,0.44,0.36,0.77,2.57,1.16,0.37,2.25,3.13,1.26,0.19,2.89,0.4,0.78
MG129,BLF04344,25,CASENT0419703,0.94,0.23,0.46,0.28,0.82,0.89,0.35,0.25,0.43,0.94,0.74,0.38,0.81,1.32,0.54,0.28,0.83,0.26,0.4
MG129,BLF04424,,CASENT0425368,1.01,0.24,0.51,0.3,0.88,0.9,0.4,0.27,0.42,0.99,0.7,0.36,0.84,1.38,0.58,0.28,0.9,0.27,0.44
MG129,BLF22833,,CASENT0155914,1.01,0.24,0.5,0.29,0.89,0.93,0.37,0.27,0.42,1.02,0.73,0.36,0.86,1.36,0.59,0.28,0.91,0.26,0.44
MG129,BLF22892,,CASENT0156580,1.15,0.27,0.56,0.34,0.97,1.03,0.45,0.32,0.48,1.04,0.79,0.41,0.85,1.44,0.61,0.24,1.04,0.26,0.49
MG129,BLF22923,,CASENT0156610,0.97,0.24,0.46,0.29,0.85,0.9,0.36,0.26,0.43,0.96,0.71,0.36,0.82,1.3,0.52,0.24,0.87,0.27,0.41
MG132,BLF01862,25,CASENT0188254,1.68,0.53,0.78,0.4,1.66,1.53,0.58,0.41,0.7,1.78,1.34,0.58,1.49,2.64,0.97,0.25,1.65,0.36,0.7
MG132,BLF01887,,CASENT0004372,1.68,0.52,0.78,0.4,1.58,1.5,0.6,0.4,0.7,1.76,1.37,0.57,1.57,2.56,0.93,0.29,1.74,0.36,0.68
MG132,BLF01915,,CASENT0188253,1.66,0.5,0.77,0.42,1.6,1.52,0.58,0.39,0.68,1.77,1.37,0.57,1.52,2.61,0.93,0.28,1.65,0.36,0.66
MG132,BLF30925,,CASENT0300181,1.68,0.52,0.76,0.46,1.67,1.5,0.6,0.42,0.72,1.8,1.36,0.6,1.49,2.6,0.96,0.27,1.68,0.36,0.73
MG132,BLF30929,,CASENT0300180,1.68,0.52,0.85,0.44,1.64,1.49,0.58,0.41,0.7,1.81,1.34,0.57,1.38,2.61,0.97,0.28,1.65,0.33,0.66
MG132,BLF30931,,CASENT0300156,1.72,0.54,0.84,0.46,1.65,1.55,0.6,0.42,0.69,1.8,1.42,0.6,1.49,2.66,1,0.28,1.68,0.36,0.73
MG132,BLF31035,,CASENT0300924,1.57,0.52,0.72,0.4,1.51,1.44,0.56,0.39,0.7,1.69,1.29,0.58,1.46,2.51,0.97,0.25,1.6,0.32,0.61
MG132,BLF31035,,CASENT0300925,1.49,0.48,0.68,0.36,1.37,1.33,0.52,0.36,0.65,1.64,1.24,0.53,1.3,2.33,0.82,0.25,1.48,0.32,0.58
MG132,BLF31065,,CASENT0301021,1.53,0.5,0.69,0.38,1.46,1.38,0.56,0.38,0.66,1.67,1.25,0.52,1.41,2.4,0.85,0.27,1.59,0.32,0.61
MG132,BLF31942,,CASENT0367493,1.68,0.48,0.8,0.45,1.7,1.56,0.64,0.44,0.72,1.8,1.41,0.61,1.4,2.6,1,0.29,1.76,0.36,0.72
MG135,BLF01996,30,CASENT0188378,1.52,0.56,0.66,0.38,1.24,1.21,0.44,0.32,0.62,1.68,1.06,0.4,1.78,2.46,0.75,0.33,1.76,0.32,0.54
MG135,BLF02004,,CASENT0188377,1.64,0.53,0.74,0.45,1.31,1.32,0.46,0.35,0.7,1.74,1.11,0.45,1.85,2.65,0.8,0.41,1.79,0.34,0.67
MG135,BLF02029,,CASENT0188376,1.51,0.52,0.69,0.41,1.2,1.21,0.43,0.32,0.62,1.68,1,0.38,1.74,2.51,0.7,0.41,1.64,0.3,0.61
MG135,BLF03518,,CASENT0436606,1.39,0.52,0.58,0.34,1.01,1.04,0.39,0.29,0.59,1.57,0.9,0.4,1.59,2.32,0.65,0.37,1.45,0.29,0.56
MG135,BLF31159,,CASENT0303095,1.66,0.56,0.72,0.44,1.31,1.28,0.48,0.36,0.66,1.73,1.07,0.44,1.77,2.68,0.82,0.29,1.74,0.32,0.62
MG135,BLF31673,L.O,CASENT0369096,1.52,0.53,0.65,0.38,1.18,1.16,0.44,0.32,0.62,1.68,1,0.4,1.74,2.56,0.73,0.2,1.6,0.32,0.54
MG144,BLF08137,,CASENT0495152,1.25,0.37,0.56,0.33,0.98,0.96,0.37,0.27,0.51,1.66,0.94,0.27,1.49,1.97,0.78,0.26,1.44,0.31,0.52
MG144,BLF08251,14,CASENT0488772,1.28,0.39,0.56,0.36,1.02,0.98,0.38,0.27,0.55,1.73,0.93,0.32,1.44,2.06,0.83,0.25,1.45,0.33,0.55
MG144,BLF08356,,CASENT0495524,1.32,0.44,0.57,0.37,1.02,0.99,0.4,0.27,0.51,1.67,0.96,0.31,1.46,2.04,0.82,0.27,1.56,0.32,0.55
MG144,BLF09014,,CASENT0487911,1.3,0.39,0.56,0.36,0.99,0.97,0.38,0.27,0.54,1.67,0.93,0.27,1.39,2.04,0.83,0.26,1.49,0.32,0.55
MG144,BLF09014,,CASENT0487913,1.3,0.38,0.59,0.37,1.01,0.97,0.37,0.27,0.56,1.68,0.94,0.29,1.45,2.01,0.84,0.25,1.42,0.33,0.54
MG144,BLF08147,,CASENT0495112,1.33,0.44,0.56,0.36,1.04,0.98,0.4,0.27,0.53,1.73,0.96,0.3,1.46,2.05,0.81,0.27,1.54,0.3,0.54
MG144,BLF08356,,CASENT0495525,1.29,0.43,0.55,0.32,0.97,0.95,0.37,0.26,0.52,1.64,0.9,0.29,1.46,1.98,0.8,0.26,1.4,0.29,0.53
MG144,BLF08137,,CASENT0495160,1.39,0.39,0.65,0.4,1.15,1.07,0.39,0.28,0.57,1.72,0.99,0.36,1.64,2.11,0.84,0.28,1.55,0.33,0.62
MG144,BLF08251,,CASENT0488771,1.26,0.37,0.57,0.35,1.01,0.96,0.36,0.28,0.52,1.63,0.88,0.3,1.41,1.94,0.8,0.23,1.41,0.28,0.53
MG145,BLF01888,6,CASENT0191643,1.49,0.44,0.74,0.47,1.06,1.05,0.41,0.24,0.62,2.11,0.96,0.31,1.59,2.41,0.92,0.32,1.78,0.35,0.6
MG145,BLF07020,22,CASENT0485394,1.53,0.42,0.68,0.49,1.06,1.05,0.44,0.26,0.66,2.11,0.99,0.36,1.61,2.38,0.91,0.3,1.81,0.36,0.65
MG148,BLF08250,24,CASENT0038476,1.04,0.3,0.47,0.33,0.81,0.81,0.3,0.19,0.45,1.4,0.69,0.23,1.15,1.5,0.62,0.17,1.15,0.28,0.49
MG148,BLF08250,50,CASENT0038482,1.12,0.33,0.49,0.32,0.89,0.85,0.35,0.19,0.46,1.5,0.74,0.26,1.09,1.62,0.65,0.21,1.24,0.28,0.5
MG148,BLF24552,,CASENT0160492,1.14,0.31,0.51,0.33,0.93,0.89,0.37,0.19,0.47,1.46,0.78,0.27,1.16,1.73,0.63,0.22,1.27,0.28,0.49
MG148,BLF24579,,CASENT0160481,1.07,0.3,0.49,0.32,0.84,0.82,0.31,0.21,0.45,1.39,0.7,0.22,1.16,1.57,0.62,0.19,1.15,0.27,0.44
MG148,BLF24582,,CASENT0162142,1.09,0.34,0.48,0.32,0.86,0.83,0.34,0.2,0.46,1.42,0.75,0.24,1.22,1.69,0.7,0.19,1.25,0.28,0.45
MG148,BLF24620,,CASENT0161454,1.07,0.28,0.49,0.33,0.85,0.83,0.31,0.2,0.47,1.4,0.74,0.2,1.15,1.59,0.63,0.2,1.17,0.27,0.46
MG148,BLF25006,,CASENT0161428,1.12,0.31,0.5,0.33,0.87,0.85,0.32,0.21,0.49,1.38,0.73,0.24,1.07,1.54,0.65,0.18,1.14,0.28,0.46
MG148,BLF25082,,CASENT0162238,1,0.25,0.47,0.31,0.82,0.79,0.3,0.19,0.43,1.37,0.67,0.22,1.02,1.48,0.62,0.17,1.12,0.28,0.44
MG148,BLF36821,,CASENT0723285,1.21,0.35,0.53,0.35,0.88,0.9,0.36,0.25,0.52,1.52,0.86,0.33,1.31,1.75,0.72,0.27,1.36,0.28,0.52
MG149,BLF10578,,CASENT0050445,1.15,0.32,0.51,0.3,0.85,0.86,0.33,0.22,0.48,1.42,0.76,0.33,1.2,1.79,0.7,0.23,1.28,0.28,0.46
MG149,BLF10501,,CASENT0074010,1.14,0.31,0.53,0.32,0.83,0.85,0.34,0.22,0.5,1.45,0.73,0.27,1.3,1.74,0.64,0.21,1.26,0.29,0.48
MG149,BLF10501,LO,CASENT0074012,1.17,0.34,0.52,0.33,0.86,0.89,0.34,0.24,0.5,1.43,0.74,0.28,1.31,1.74,0.75,0.22,1.32,0.3,0.5
MG149,BLF28407,,CASENT0275786,1.2,0.36,0.51,0.33,0.85,0.88,0.35,0.23,0.5,1.42,0.73,0.29,1.27,1.75,0.71,0.22,1.3,0.28,0.45
MG149,HJR101,14,CASENT0191579,1.16,0.36,0.5,0.33,0.85,0.87,0.33,0.22,0.49,1.41,0.72,0.27,1.24,1.76,0.7,0.24,1.27,0.28,0.43
MG154,BLF03251,,CASENT0477008,1.16,0.34,0.51,0.34,0.83,0.88,0.28,0.2,0.5,1.54,0.67,0.29,1.12,1.69,0.64,0.21,1.3,0.29,0.42
MG154,BLF03254,18,CASENT0409029,1.18,0.36,0.51,0.34,0.85,0.9,0.29,0.21,0.5,1.6,0.75,0.27,1.16,1.76,0.64,0.23,1.29,0.28,0.44
MG154,BLF01998,7,CASENT0191525,1.06,0.32,0.45,0.3,0.79,0.84,0.28,0.21,0.48,1.47,0.68,0.24,1.12,1.61,0.56,0.21,1.13,0.27,0.41
MG154,BLF03254,,CASENT0409030,1.2,0.38,0.5,0.34,0.83,0.87,0.27,0.22,0.51,1.6,0.71,0.29,1.16,1.78,0.62,0.22,1.28,0.28,0.42
MG154,BLF03254,,CASENT0409031,1.12,0.34,0.5,0.32,0.8,0.83,0.3,0.2,0.51,1.55,0.67,0.28,1.13,1.65,0.58,0.24,1.3,0.27,0.41
MG154,BLF01996,1,CASENT0191526,1.1,0.34,0.48,0.32,0.77,0.82,0.27,0.21,0.5,1.53,0.7,0.24,1.08,1.64,0.59,0.25,1.23,0.28,0.4
MG154,BLF03327,,CASENT0409924,1.07,0.32,0.46,0.31,0.75,0.8,0.27,0.21,0.45,1.47,0.64,0.26,1.13,1.6,0.55,0.22,1.19,0.27,0.39
MG157,BLF00492,,CASENT0191581,1.37,0.39,0.64,0.37,1.17,1.05,0.39,0.27,0.56,1.8,0.99,0.35,1.52,2.09,0.85,0.26,1.57,0.33,0.6
MG157,BLF15551,,CASENT0121790,1.39,0.44,0.63,0.38,1.09,1.02,0.39,0.28,0.58,1.81,0.92,0.31,1.63,2.14,0.81,0.29,1.65,0.32,0.66
MG157,BLF05038,,CASENT0430809,1.45,0.43,0.64,0.39,1.15,1.05,0.4,0.29,0.59,1.82,0.98,0.36,1.61,2.11,0.84,0.29,1.61,0.33,0.66
MG157,BLF05235,,CASENT0003893,1.39,0.43,0.65,0.38,1.08,1.03,0.39,0.28,0.59,1.8,0.91,0.32,1.62,2.15,0.75,0.26,1.55,0.32,0.62
MG157,BLF05014,,CASENT0447254,1.44,0.45,0.64,0.39,1.11,1.06,0.39,0.28,0.58,1.88,0.96,0.33,1.66,2.2,0.79,0.25,1.58,0.31,0.64
MG157,BLF05009,,CASENT0078620,1.44,0.46,0.7,0.42,1.18,1.08,0.42,0.29,0.6,1.9,0.97,0.35,1.62,2.14,0.84,0.29,1.58,0.33,0.66
MG157,BLF02409,,CASENT0409166,1.43,0.44,0.69,0.4,1.17,1.08,0.42,0.29,0.6,1.87,0.98,0.36,1.65,2.16,0.82,0.25,1.53,0.32,0.63
MG158,BLF19269,,CASENT0134372,1.34,0.4,0.56,0.35,1.03,0.99,0.39,0.28,0.56,1.81,0.92,0.31,1.43,2.09,0.81,0.29,1.66,0.32,0.6
MG158,BLF01958,,CASENT0191582,1.37,0.42,0.57,0.37,1.07,1.01,0.41,0.27,0.56,1.8,0.89,0.31,1.47,2.09,0.82,0.27,1.61,0.33,0.58
MG158,BLF12600,,CASENT0067215,1.33,0.4,0.56,0.36,1.04,0.98,0.4,0.24,0.51,1.73,0.86,0.27,1.46,2.05,0.81,0.23,1.54,0.3,0.54
MG158,BLF08837,,CASENT0048864,1.35,0.42,0.56,0.36,1.04,1.01,0.4,0.25,0.52,1.75,0.86,0.3,1.47,2.09,0.84,0.24,1.6,0.31,0.57
MG158,BLF08848,,CASENT0077056,1.43,0.45,0.64,0.38,1.12,1.02,0.39,0.28,0.55,1.83,0.92,0.35,1.52,2.26,0.86,0.27,1.66,0.29,0.6
MG158,BLF26549,,CASENT0231209,1.44,0.46,0.64,0.39,1.13,1.02,0.42,0.3,0.6,1.85,1,0.36,1.54,2.3,0.89,0.29,1.67,0.31,0.6
MG158,BLF26905,,CASENT0245021,1.39,0.46,0.58,0.37,1.11,1.02,0.42,0.29,0.54,1.8,0.88,0.34,1.49,2.13,0.85,0.3,1.66,0.3,0.61
MG158,BLF32268,,CASENT0370710,1.42,0.43,0.62,0.38,1.16,1.02,0.42,0.29,0.56,1.81,0.93,0.34,1.53,2.26,0.86,0.29,1.68,0.31,0.57
MG158,BLF32277,,CASENT0370704,1.41,0.43,0.6,0.4,1.11,1.03,0.41,0.31,0.58,1.84,0.96,0.36,1.53,2.27,0.9,0.3,1.65,0.3,0.61
mocquerysi,BLF01297,,CASENT0188227,2.18,0.67,1.05,0.53,2.15,1.97,0.78,0.57,0.86,2.29,1.93,0.68,2.2,3.49,1.49,0.36,2.37,0.48,1.01
mocquerysi,BLF08004,,CASENT0048940,1.77,0.61,0.81,0.41,1.66,1.58,0.61,0.45,0.77,2.05,1.6,0.48,1.74,2.92,1.27,0.32,1.94,0.4,0.78
mocquerysi,BLF08006,1,CASENT0488918,1.88,0.58,0.86,0.48,1.76,1.66,0.66,0.47,0.78,2.17,1.65,0.54,1.98,3.22,1.35,0.33,2.08,0.42,0.74
mocquerysi,BLF12698,,CASENT0067206,1.89,0.57,0.86,0.42,1.92,1.73,0.68,0.45,0.8,2.16,1.77,0.61,1.94,3.23,1.3,0.34,2.17,0.46,0.85
mocquerysi,BLF12837,,CASENT0068229,1.97,0.58,0.9,0.48,1.97,1.81,0.76,0.52,0.82,2.29,1.84,0.64,2.16,3.28,1.39,0.33,2.28,0.45,0.89
mocquerysi,BLF13383,,CASENT0072138,1.96,0.61,0.9,0.5,1.9,1.76,0.68,0.51,0.84,2.25,1.73,0.56,2.02,3.32,1.36,0.29,2.29,0.44,0.84
mocquerysi,BLF15448,,CASENT0125455,1.99,0.62,0.9,0.48,2.12,1.92,0.76,0.54,0.9,2.19,1.89,0.72,2.18,3.38,1.63,0.41,2.27,0.48,0.94
mocquerysi,BLF15515,,CASENT0122844,2.01,0.62,0.94,0.46,2.04,1.84,0.71,0.52,0.86,2.24,1.88,0.66,2.09,3.41,1.4,0.37,2.18,0.46,0.84
mocquerysi,BLF24411,,CASENT0162838,1.88,0.58,0.86,0.45,1.82,1.7,0.68,0.48,0.8,2.21,1.72,0.66,2.05,3.22,1.32,0.36,2.19,0.44,0.76
mocquerysi,BLF24705,,CASENT0161798,1.74,0.53,0.84,0.4,1.74,1.62,0.62,0.45,0.77,2.1,1.62,0.56,1.93,3.09,1.19,0.32,2.06,0.45,0.8
mocquerysi,BLF30734,,CASENT0303474,1.94,0.59,0.93,0.5,1.98,1.76,0.7,0.49,0.82,2.15,1.78,0.61,2.14,3.26,1.42,0.28,2.14,0.46,0.87
mocquerysi,BLF31923,,CASENT0367520,1.86,0.6,0.77,0.45,1.81,1.7,0.64,0.44,0.77,2.1,1.68,0.57,1.93,3.17,1.3,0.29,2.07,0.44,0.82
mocquerysi,BLF41001,,CASENT0809567,1.86,0.58,0.86,0.45,1.78,1.65,0.65,0.46,0.79,2.13,1.7,0.55,1.9,3.21,1.35,0.33,2.13,0.44,0.76
mocquerysi,HJR121a,,CASENT0188229,1.97,0.61,0.86,0.5,1.97,1.78,0.69,0.51,0.86,2.23,1.86,0.65,1.97,3.28,1.42,0.36,2.29,0.48,0.88
nasicus,BLF00606,,CASENT0192122,2.45,0.67,1.29,0.81,1.8,1.72,0.6,0.41,1.05,3.45,1.65,0.76,2.84,4.06,1.7,0.42,3.52,0.52,0.97
nasicus,BLF01164,,CASENT0192119,2.49,0.61,1.37,0.87,1.84,1.77,0.61,0.42,1.11,3.39,1.71,0.73,2.39,3.96,1.79,0.41,3.52,0.49,1.23
nasicus,BLF01166,1,CASENT0192121,2.27,0.55,1.23,0.83,1.62,1.57,0.5,0.39,1.04,3.4,1.55,0.68,2.72,3.76,1.55,0.42,3.39,0.48,1.08
nasicus,BLF02372,,CASENT0409134,2.48,0.58,1.36,0.89,1.79,1.73,0.54,0.41,1.02,3.43,1.59,0.71,2.78,3.92,1.7,0.36,3.6,0.51,1.21
nasicus,BLF02373,,CASENT0409136,2.31,0.56,1.25,0.83,1.65,1.64,0.49,0.41,1.06,3.23,1.64,0.72,2.47,3.66,1.75,0.45,3.32,0.5,1.11
nasicus,BLF02398,,CASENT0409137,2.45,0.69,1.2,0.8,1.77,1.69,0.56,0.39,1,3.41,1.61,0.76,2.85,4.02,1.82,0.29,3.6,0.5,1.06
nasicus,BLF10601,,CASENT0050369,2.42,0.66,1.26,0.76,1.64,1.61,0.53,0.4,0.96,3.34,1.56,0.71,2.8,3.83,1.67,0.51,3.42,0.47,1.1
nasicus,BLF10601,,CASENT0050386,2.38,0.65,1.24,0.74,1.63,1.58,0.53,0.36,0.98,3.29,1.52,0.7,2.7,3.85,1.6,0.41,3.41,0.48,1.02
nasicus,BLF10601,,CASENT0051263,2.21,0.6,1.15,0.73,1.55,1.5,0.5,0.36,0.93,3.27,1.46,0.68,2.78,3.71,1.72,0.43,3.34,0.44,1.03
nasicus,BLF28400,,CASENT0275784,2.45,0.64,1.33,0.85,1.82,1.77,0.58,0.41,1.06,3.62,1.73,0.78,2.85,4.13,1.7,0.42,3.65,0.52,1.05
nasicus,BLF30490,,CASENT0300361,2.26,0.56,1.21,0.81,1.59,1.55,0.5,0.38,1.02,3.41,1.53,0.65,2.6,3.65,1.66,0.46,3.35,0.47,1.03
nasicus,MA-01-06-07,,CASENT0083511,2.45,0.6,1.32,0.83,1.84,1.74,0.54,0.41,1.04,3.41,1.7,0.77,2.87,4.07,1.78,0.46,3.57,0.49,1.23
nasicus,MA-09A-22,,CASENT0079772,2.36,0.6,1.24,0.77,1.68,1.65,0.61,0.39,0.98,3.21,1.57,0.7,2.69,3.76,1.62,0.4,3.33,0.48,1.04
nasicus,MG-09A-24,,CASENT0112661,2.44,0.54,1.38,0.75,1.86,1.77,0.58,0.41,1.04,3.38,1.72,0.78,3.04,3.84,1.78,0.49,3.61,0.5,1.19
nasicus,MG-68-19,,CASENT0802633,2.48,0.7,1.3,0.86,1.78,1.8,0.54,0.44,1.05,3.49,1.75,0.74,3.08,3.96,1.82,0.5,3.61,0.5,1.18
putatus,BLF15601,,CASENT0121983,1.41,0.36,0.7,0.38,1.32,1.26,0.46,0.34,0.58,1.51,1.05,0.42,1.25,2.16,0.66,0.26,1.46,0.33,0.62
putatus,BLF16915,19,CASENT0123418,1.55,0.4,0.78,0.44,1.47,1.39,0.52,0.38,0.63,1.65,1.21,0.51,1.42,2.32,0.82,0.32,1.52,0.37,0.74
putatus,BLF19335,,CASENT0135065,1.56,0.45,0.73,0.41,1.42,1.4,0.52,0.36,0.62,1.65,1.24,0.56,1.34,2.38,0.9,0.28,1.56,0.36,0.64
putatus,BLF28410,,CASENT0275776,1.49,0.43,0.71,0.38,1.37,1.32,0.48,0.36,0.63,1.63,1.18,0.53,1.28,2.28,0.83,0.3,1.52,0.34,0.66
putatus,BLF41138,,CASENT0807281,1.51,0.46,0.69,0.38,1.38,1.32,0.52,0.37,0.62,1.6,1.19,0.54,1.28,2.3,0.79,0.28,1.56,0.32,0.64
putatus,HJR079,,CASENT0191500,1.5,0.44,0.7,0.39,1.38,1.34,0.53,0.37,0.64,1.62,1.21,0.54,1.32,2.32,0.8,0.3,1.53,0.34,0.64
putatus,MG-09A-31,,CASENT0113347,1.56,0.46,0.75,0.41,1.44,1.37,0.51,0.38,0.65,1.71,1.18,0.52,1.22,2.32,0.9,0.31,1.57,0.36,0.76
putatus,MG-09B-30,,CASENT0114004,1.59,0.5,0.72,0.44,1.46,1.41,0.53,0.39,0.67,1.69,1.21,0.52,1.34,2.37,0.88,0.31,1.54,0.35,0.76
putatus,BLF30494,,CASENT0300714,1.48,0.44,0.7,0.41,1.39,1.35,0.53,0.37,0.65,1.58,1.18,0.51,1.29,2.23,0.85,0.28,1.5,0.34,0.69
putatus,BLF29747,,CASENT0301859,1.46,0.46,0.68,0.4,1.37,1.3,0.47,0.35,0.6,1.56,1.16,0.5,1.37,2.2,0.84,0.3,1.45,0.33,0.69
reaumuri,BLF01008,,CASENT0188362,1.28,0.42,0.55,0.36,0.98,0.96,0.36,0.27,0.51,1.41,0.8,0.35,1.26,1.9,0.71,0.25,1.27,0.3,0.5
reaumuri,BLF05009,,CASENT0078619,1.17,0.39,0.51,0.3,0.85,0.92,0.34,0.25,0.5,1.36,0.7,0.31,1.17,1.82,0.59,0.16,1.22,0.28,0.43
reaumuri,BLF05010,11,CASENT0478556,1.24,0.37,0.55,0.33,0.98,0.95,0.35,0.26,0.53,1.39,0.78,0.32,1.28,1.84,0.61,0.23,1.28,0.27,0.48
reaumuri,BLF05014,20,CASENT0447235,1.29,0.41,0.56,0.35,0.96,0.99,0.38,0.27,0.53,1.41,0.79,0.35,1.41,1.91,0.64,0.23,1.29,0.3,0.48
reaumuri,BLF05090,,CASENT0430856,1.27,0.42,0.59,0.34,0.94,0.99,0.36,0.26,0.5,1.4,0.73,0.34,1.22,1.86,0.63,0.17,1.26,0.28,0.44
reaumuri,BLF05184,,CASENT0001332,1.15,0.36,0.5,0.3,0.87,0.89,0.33,0.23,0.47,1.22,0.71,0.27,1.17,1.69,0.53,0.17,1,0.26,0.45
reaumuri,BLF08123,,CASENT0495424,1.26,0.44,0.54,0.35,0.9,0.95,0.36,0.24,0.53,1.43,0.77,0.33,1.22,1.9,0.67,0.2,1.25,0.24,0.48
reaumuri,BLF09061,,CASENT0494534,1.25,0.44,0.52,0.32,0.9,0.94,0.36,0.24,0.49,1.42,0.77,0.32,1.16,1.9,0.68,0.2,1.34,0.28,0.48
reaumuri,BLF12596,,CASENT0067964,1.2,0.4,0.5,0.33,0.96,0.93,0.32,0.23,0.46,1.43,0.79,0.29,1.21,1.81,0.6,0.23,1.21,0.26,0.48
reaumuri,BLF12596,,CASENT0067966,1.2,0.39,0.51,0.32,0.94,0.91,0.32,0.25,0.45,1.43,0.79,0.28,1.11,1.84,0.61,0.2,1.25,0.27,0.5
reaumuri,BLF14120,2,CASENT0108751,1.25,0.43,0.53,0.33,0.98,0.94,0.36,0.26,0.48,1.38,0.8,0.32,1.28,1.9,0.66,0.22,1.21,0.24,0.5
reaumuri,BLF14168,,CASENT0070768,1.12,0.39,0.49,0.3,0.88,0.93,0.33,0.24,0.47,1.33,0.76,0.28,1.22,1.8,0.6,0.16,1.14,0.24,0.41
reaumuri,BLF14179,,CASENT0070654,1.22,0.43,0.52,0.32,0.98,0.96,0.36,0.26,0.5,1.36,0.8,0.31,1.2,1.91,0.65,0.21,1.18,0.25,0.49
reaumuri,BLF15017,,CASENT0118457,1.17,0.4,0.51,0.3,0.85,0.9,0.32,0.22,0.48,1.38,0.69,0.29,1.18,1.84,0.6,0.17,1.24,0.25,0.41
reaumuri,BLF24940,,CASENT0160437,1.26,0.44,0.57,0.37,0.92,0.97,0.36,0.26,0.5,1.41,0.78,0.29,1.18,1.88,0.66,0.18,1.28,0.27,0.5
reaumuri,BLF32804,,CASENT0377065,1.17,0.41,0.5,0.33,0.86,0.92,0.34,0.24,0.48,1.36,0.68,0.28,1.19,1.8,0.65,0.17,1.19,0.25,0.42
reaumuri,BLF36792,,CASENT0723286,1.24,0.42,0.53,0.33,0.94,1,0.36,0.25,0.48,1.32,0.77,0.32,1.21,1.9,0.64,0.17,1.21,0.24,0.46
reaumuri,BLF36792,,CASENT0723288,1.24,0.43,0.54,0.34,0.96,1,0.37,0.26,0.51,1.35,0.78,0.33,1.24,1.86,0.61,0.24,1.15,0.25,0.48
foersteri,BLF01192(17),,CASENT0191608,1.33,0.39,0.61,0.38,1.01,0.97,0.36,0.26,0.53,1.74,0.89,0.34,1.42,1.93,0.75,0.27,1.61,0.3,0.56
foersteri,BLF02481,,CASENT0409162,1.33,0.38,0.61,0.36,1.06,1.02,0.37,0.27,0.57,1.76,0.89,0.31,1.42,1.99,0.77,0.22,1.53,0.32,0.56
foersteri,BLF08150,36,CASENT0037232,1.31,0.39,0.58,0.36,1,0.97,0.36,0.28,0.55,1.72,0.85,0.31,1.38,2.01,0.76,0.24,1.58,0.3,0.56
foersteri,BLF08151,24,CASENT0489228,1.3,0.4,0.59,0.37,1.02,1,0.36,0.26,0.56,1.72,0.86,0.34,1.35,2.01,0.75,0.28,1.58,0.29,0.57
foersteri,BLF09230,,CASENT0499789,1.29,0.4,0.58,0.34,0.99,0.98,0.36,0.26,0.54,1.7,0.83,0.29,1.37,1.89,0.7,0.26,1.58,0.29,0.53
foersteri,BLF15027,,CASENT0118412,1.33,0.41,0.62,0.38,1.03,1.02,0.4,0.28,0.57,1.77,0.84,0.31,1.42,2.05,0.72,0.22,1.63,0.3,0.57
foersteri,BLF09260,,CASENT0487263,1.27,0.4,0.57,0.38,1.02,0.99,0.35,0.26,0.53,1.67,0.8,0.31,1.46,1.92,0.73,0.252,1.54,0.31,0.54
foersteri,BLF29962 ,,CASENT0297039,1.3,0.42,0.59,0.35,0.99,0.97,0.35,0.26,0.53,1.7,0.86,0.33,1.35,2.06,0.72,0.28,1.61,0.31,0.53
foersteri,MA-01-01A-09,,CASENT0085689,1.32,0.43,0.61,0.37,1.02,1,0.4,0.29,0.56,1.72,0.85,0.32,1.36,2.02,0.77,0.26,1.6,0.3,0.57
foersteri,BLF22214,4,CASENT0151734,1.31,0.42,0.62,0.38,1,1.01,0.38,0.28,0.58,1.68,0.84,0.3,1.35,2.01,0.74,0.26,1.62,0.3,0.56
foersteri,BLF29951,,CASENT0300295,1.31,0.42,0.6,0.37,0.99,0.97,0.38,0.27,0.56,1.7,0.86,0.33,1.37,2.07,0.74,0.28,1.63,0.31,0.54
foersteri,BLF03340,,CASENT0484567,1.27,0.38,0.57,0.36,0.97,0.96,0.36,0.26,0.54,1.76,0.85,0.31,1.3,1.97,0.72,0.23,1.56,0.3,0.53
foersteri,BLF08975,,CASENT0494528,1.29,0.4,0.58,0.35,0.96,0.94,0.37,0.26,0.54,1.75,0.82,0.29,1.38,1.85,0.68,0.25,1.57,0.3,0.54
